사고번호,사고일시,요일,시군구,사고내용,사망자수,중상자수,경상자수,부상신고자수,사고유형,법규위반,노면상태,기상상태,도로형태,가해운전자 차종,가해운전자 성별,가해운전자 연령,가해운전자 상해정도,피해운전자 차종,피해운전자 성별,피해운전자 연령,피해운전자 상해정도
2018051400100183,2018년 5월 14일 10시,월요일,울산광역시 남구 달동,중상사고,0,1,0,0,차대사람 - 기타,안전운전불이행,포장 - 건조,맑음,교차로 - 교차로부근,승합,남,68세,상해없음,보행자,남,81세,중상
2018051400100212,2018년 5월 14일 11시,월요일,울산광역시 남구 달동,중상사고,0,1,0,0,차대사람 - 횡단중,보행자보호의무위반,포장 - 건조,맑음,교차로 - 교차로안,승용,남,63세,상해없음,보행자,여,70세,중상
2018051400100246,2018년 5월 14일 12시,월요일,울산광역시 남구 달동,중상사고,0,1,0,0,차대사람 - 횡단중,안전운전불이행,포장 - 건조,맑음,교차로 - 교차로부근,승용,남,72세,상해없음,보행자,여,54세,중상
2018051500100294,2018년 5월 15일 14시,화요일,울산광역시 북구 명촌동,경상사고,0,0,1,0,차대사람 - 차도통행중,안전운전불이행,포장 - 건조,맑음,단일로 - 기타,승용,여,57세,상해없음,보행자,남,34세,경상
2018051600100288,2018년 5월 16일 15시,수요일,울산광역시 동구 전하동,중상사고,0,1,0,0,차대사람 - 횡단중,안전운전불이행,포장 - 건조,맑음,단일로 - 기타,승용,여,59세,상해없음,보행자,여,9세,중상
2018051600100289,2018년 5월 16일 15시,수요일,울산광역시 북구 양정동,경상사고,0,0,1,0,차대사람 - 기타,안전거리미확보,포장 - 건조,맑음,단일로 - 기타,원동기,남,26세,상해없음,보행자,남,22세,경상
2018051600100528,2018년 5월 16일 23시,수요일,울산광역시 남구 무거동,중상사고,0,1,0,0,차대사람 - 횡단중,과속,포장 - 건조,맑음,교차로 - 교차로안,승용,남,38세,기타불명,보행자,여,33세,중상
2018051700100227,2018년 5월 17일 11시,목요일,울산광역시 중구 서동,중상사고,0,1,0,0,차대사람 - 횡단중,안전운전불이행,포장 - 건조,맑음,단일로 - 기타,승용,남,64세,상해없음,보행자,여,6세,중상
2018051700100370,2018년 5월 17일 16시,목요일,울산광역시 중구 학성동,경상사고,0,0,1,0,차대사람 - 횡단중,안전운전불이행,포장 - 건조,흐림,단일로 - 기타,승용,남,38세,상해없음,보행자,여,34세,경상
2018051700100568,2018년 5월 17일 21시,목요일,울산광역시 울주군 언양읍,경상사고,0,0,1,0,차대사람 - 차도통행중,교차로운행방법위반,포장 - 젖음/습기,비,교차로 - 교차로안,화물,남,68세,상해없음,보행자,남,30세,경상
2018051800100024,2018년 5월 18일 00시,금요일,울산광역시 동구 화정동,중상사고,0,1,0,0,차대사람 - 차도통행중,안전운전불이행,포장 - 젖음/습기,흐림,교차로 - 교차로안,승용,여,54세,상해없음,보행자,남,64세,중상
2018051800100156,2018년 5월 18일 08시,금요일,울산광역시 남구 달동,중상사고,0,1,0,0,차대사람 - 차도통행중,안전운전불이행,포장 - 건조,맑음,단일로 - 기타,기타불명,기타불명,미분류,기타불명,보행자,남,30세,중상
2018051800100309,2018년 5월 18일 13시,금요일,울산광역시 동구 전하동,중상사고,0,1,0,0,차대사람 - 횡단중,신호위반,포장 - 건조,맑음,교차로 - 교차로횡단보도내,승용,남,76세,상해없음,보행자,남,60세,중상
2018051800100493,2018년 5월 18일 18시,금요일,울산광역시 남구 무거동,경상사고,0,0,1,0,차대사람 - 횡단중,안전운전불이행,포장 - 건조,맑음,단일로 - 기타,승용,남,51세,상해없음,보행자,남,4세,경상
2018051800100535,2018년 5월 18일 19시,금요일,울산광역시 남구 달동,경상사고,0,0,1,0,차대사람 - 차도통행중,안전운전불이행,포장 - 건조,맑음,단일로 - 기타,승용,남,53세,기타불명,보행자,남,15세,경상
2018051900100315,2018년 5월 19일 12시,토요일,울산광역시 울주군 언양읍,중상사고,0,1,0,0,차대사람 - 횡단중,보행자보호의무위반,포장 - 건조,맑음,단일로 - 기타,승용,남,61세,상해없음,보행자,남,31세,중상
2018052100100605,2018년 5월 21일 22시,월요일,울산광역시 남구 야음동,중상사고,0,1,0,0,차대사람 - 길가장자리구역통행중,안전운전불이행,포장 - 건조,맑음,교차로 - 교차로안,승용,여,52세,상해없음,보행자,남,65세,중상
2018052200100049,2018년 5월 22일 02시,화요일,울산광역시 남구 삼산동,사망사고,1,0,0,0,차대사람 - 횡단중,신호위반,포장 - 건조,맑음,교차로 - 교차로안,승용,남,26세,상해없음,보행자,남,49세,사망
2018052200100166,2018년 5월 22일 09시,화요일,울산광역시 중구 성안동,중상사고,0,1,0,0,차대사람 - 기타,안전운전불이행,포장 - 건조,맑음,단일로 - 기타,승용,여,67세,상해없음,보행자,여,78세,중상
2018052200100426,2018년 5월 22일 17시,화요일,울산광역시 울주군 온양읍,경상사고,0,0,1,0,차대사람 - 보도통행중,보행자보호의무위반,포장 - 건조,맑음,단일로 - 지하차도(도로)내,승용,남,37세,상해없음,보행자,남,35세,경상
2018052200100630,2018년 5월 22일 23시,화요일,울산광역시 남구 삼산동,경상사고,0,0,1,0,차대사람 - 기타,안전운전불이행,포장 - 젖음/습기,비,주차장 - 주차장,승용,남,51세,상해없음,보행자,남,42세,경상
2018052300100013,2018년 5월 23일 00시,수요일,울산광역시 남구 달동,경상사고,0,0,1,0,차대사람 - 차도통행중,안전운전불이행,포장 - 젖음/습기,비,단일로 - 기타,기타불명,기타불명,미분류,기타불명,보행자,남,35세,경상
2018052300100367,2018년 5월 23일 14시,수요일,울산광역시 남구 신정동,중상사고,0,1,0,0,차대사람 - 횡단중,보행자보호의무위반,포장 - 건조,맑음,교차로 - 교차로횡단보도내,승용,남,56세,상해없음,보행자,여,68세,중상
2018052300100627,2018년 5월 23일 21시,수요일,울산광역시 남구 상개동,사망사고,1,0,0,0,차대사람 - 횡단중,안전운전불이행,포장 - 건조,맑음,단일로 - 기타,승용,남,50세,상해없음,보행자,남,48세,사망
2018052500100222,2018년 5월 25일 10시,금요일,울산광역시 남구 신정동,경상사고,0,0,1,0,차대사람 - 횡단중,보행자보호의무위반,포장 - 건조,맑음,교차로 - 교차로부근,기타불명,기타불명,미분류,기타불명,보행자,여,34세,경상
2018052500100433,2018년 5월 25일 16시,금요일,울산광역시 북구 명촌동,경상사고,0,0,1,0,차대사람 - 기타,안전운전불이행,포장 - 건조,맑음,교차로 - 교차로횡단보도내,승용,여,51세,상해없음,보행자,남,6세,경상
2018052500100434,2018년 5월 25일 16시,금요일,울산광역시 남구 삼산동,중상사고,0,1,0,0,차대사람 - 횡단중,안전운전불이행,포장 - 건조,맑음,단일로 - 기타,승용,남,57세,상해없음,보행자,남,5세,중상
2018052500100597,2018년 5월 25일 20시,금요일,울산광역시 울주군 언양읍,중상사고,0,1,0,0,차대사람 - 횡단중,중앙선침범,포장 - 건조,맑음,단일로 - 기타,승용,남,28세,상해없음,보행자,여,56세,중상
2018052600100671,2018년 5월 26일 23시,토요일,울산광역시 중구 태화동,경상사고,0,0,1,0,차대사람 - 횡단중,안전운전불이행,포장 - 건조,맑음,교차로 - 교차로안,승용,남,24세,상해없음,보행자,여,66세,경상
2018052800100152,2018년 5월 28일 08시,월요일,울산광역시 남구 옥동,중상사고,0,1,0,0,차대사람 - 횡단중,안전운전불이행,포장 - 건조,맑음,교차로 - 교차로부근,이륜,남,64세,상해없음,보행자,여,74세,중상
2018052800100283,2018년 5월 28일 12시,월요일,울산광역시 중구 반구동,경상사고,0,0,1,0,차대사람 - 보도통행중,기타,포장 - 건조,맑음,단일로 - 기타,승용,여,57세,상해없음,보행자,여,67세,경상
2018052900100023,2018년 5월 29일 01시,화요일,울산광역시 남구 삼산동,중상사고,0,1,1,0,차대사람 - 기타,중앙선침범,포장 - 건조,맑음,단일로 - 기타,승용,남,22세,상해없음,보행자,남,24세,경상
2018052900100380,2018년 5월 29일 16시,화요일,울산광역시 중구 성안동,중상사고,0,1,0,0,차대사람 - 횡단중,안전운전불이행,포장 - 건조,맑음,단일로 - 기타,승용,여,55세,상해없음,보행자,여,8세,중상
2018053000100512,2018년 5월 30일 18시,수요일,울산광역시 남구 신정동,중상사고,0,1,0,0,차대사람 - 횡단중,보행자보호의무위반,포장 - 젖음/습기,비,교차로 - 교차로횡단보도내,승용,여,51세,상해없음,보행자,여,63세,중상
2018053100100060,2018년 5월 31일 05시,목요일,울산광역시 남구 무거동,부상신고사고,0,0,0,1,차대사람 - 기타,보행자보호의무위반,포장 - 건조,맑음,기타 - 기타,기타불명,기타불명,미분류,기타불명,보행자,여,51세,부상신고
2018053100100170,2018년 5월 31일 08시,목요일,울산광역시 북구 진장동,경상사고,0,0,1,0,차대사람 - 기타,안전운전불이행,포장 - 건조,맑음,단일로 - 기타,승용,남,31세,상해없음,보행자,남,14세,경상
2018053100100374,2018년 5월 31일 14시,목요일,울산광역시 울주군 온산읍,중상사고,0,1,0,0,차대사람 - 기타,안전운전불이행,포장 - 건조,맑음,교차로 - 교차로부근,승용,여,54세,상해없음,보행자,남,57세,중상
2018053100100413,2018년 5월 31일 15시,목요일,울산광역시 울주군 온양읍,경상사고,0,0,1,0,차대사람 - 기타,안전운전불이행,포장 - 건조,맑음,교차로 - 교차로안,승용,남,80세,상해없음,보행자,여,60세,경상
2018053100100456,2018년 5월 31일 16시,목요일,울산광역시 동구 방어동,경상사고,0,0,1,0,차대사람 - 기타,안전운전불이행,포장 - 건조,맑음,단일로 - 기타,자전거,남,57세,상해없음,보행자,여,64세,경상
2018060100100495,2018년 6월 1일 17시,금요일,울산광역시 남구 신정동,중상사고,0,1,0,0,차대사람 - 횡단중,안전운전불이행,포장 - 건조,맑음,단일로 - 기타,승용,남,66세,상해없음,보행자,여,59세,중상
2018060100100695,2018년 6월 1일 22시,금요일,울산광역시 남구 삼산동,경상사고,0,0,1,0,차대사람 - 기타,안전운전불이행,포장 - 건조,맑음,기타 - 기타,승용,여,32세,기타불명,보행자,남,42세,경상
2018060200100529,2018년 6월 2일 17시,토요일,울산광역시 동구 전하동,경상사고,0,0,1,0,차대사람 - 길가장자리구역통행중,안전운전불이행,포장 - 건조,맑음,단일로 - 기타,승용,남,60세,상해없음,보행자,여,63세,경상
2018060300100498,2018년 6월 3일 22시,일요일,울산광역시 중구 우정동,중상사고,0,1,0,0,차대사람 - 횡단중,안전운전불이행,포장 - 건조,맑음,교차로 - 교차로안,승용,남,66세,상해없음,보행자,여,57세,중상
2018060400100154,2018년 6월 4일 08시,월요일,울산광역시 남구 달동,경상사고,0,0,1,0,차대사람 - 횡단중,안전운전불이행,포장 - 건조,맑음,교차로 - 교차로부근,승용,여,53세,기타불명,보행자,여,24세,경상
2018060400100521,2018년 6월 4일 18시,월요일,울산광역시 동구 전하동,경상사고,0,0,1,0,차대사람 - 횡단중,보행자보호의무위반,포장 - 건조,맑음,교차로 - 교차로횡단보도내,승용,남,59세,상해없음,보행자,남,8세,경상
2018060400100582,2018년 6월 4일 20시,월요일,울산광역시 울주군 범서읍,중상사고,0,1,0,0,차대사람 - 횡단중,보행자보호의무위반,포장 - 건조,맑음,교차로 - 교차로부근,승용,여,44세,상해없음,보행자,여,45세,중상
2018060400100608,2018년 6월 4일 21시,월요일,울산광역시 동구 화정동,경상사고,0,0,1,0,차대사람 - 기타,안전운전불이행,포장 - 젖음/습기,흐림,단일로 - 기타,승용,남,40세,상해없음,보행자,여,18세,경상
2018060500100558,2018년 6월 5일 19시,화요일,울산광역시 중구 반구동,중상사고,0,1,0,0,차대사람 - 차도통행중,안전운전불이행,포장 - 건조,맑음,단일로 - 기타,승용,남,51세,상해없음,보행자,남,7세,중상
2018060500100652,2018년 6월 5일 22시,화요일,울산광역시 북구 매곡동,중상사고,0,1,0,0,차대사람 - 횡단중,보행자보호의무위반,포장 - 건조,맑음,교차로 - 교차로횡단보도내,승용,남,63세,상해없음,보행자,여,21세,중상
2018060600100108,2018년 6월 6일 06시,수요일,울산광역시 중구 남외동,중상사고,0,1,0,0,차대사람 - 차도통행중,안전운전불이행,포장 - 건조,맑음,단일로 - 기타,자전거,남,54세,상해없음,보행자,여,75세,중상
2018060600100280,2018년 6월 6일 13시,수요일,울산광역시 중구 태화동,중상사고,0,1,0,0,차대사람 - 차도통행중,안전운전불이행,포장 - 건조,맑음,단일로 - 기타,승용,여,45세,상해없음,보행자,남,74세,중상
2018060600100432,2018년 6월 6일 17시,수요일,울산광역시 남구 신정동,경상사고,0,0,1,0,차대사람 - 횡단중,보행자보호의무위반,포장 - 건조,맑음,교차로 - 교차로안,기타불명,기타불명,미분류,기타불명,보행자,남,11세,경상
2018060600100546,2018년 6월 6일 21시,수요일,울산광역시 울주군 언양읍,중상사고,0,1,0,0,차대사람 - 횡단중,안전운전불이행,포장 - 건조,맑음,교차로 - 교차로안,승용,남,38세,상해없음,보행자,여,56세,중상
2018060600100547,2018년 6월 6일 21시,수요일,울산광역시 울주군 언양읍,경상사고,0,0,1,0,차대사람 - 횡단중,보행자보호의무위반,포장 - 건조,맑음,교차로 - 교차로횡단보도내,승용,남,44세,상해없음,보행자,남,44세,경상
2018060700100560,2018년 6월 7일 21시,목요일,울산광역시 남구 신정동,경상사고,0,0,1,0,차대사람 - 기타,안전운전불이행,포장 - 건조,맑음,교차로 - 교차로부근,화물,남,51세,상해없음,보행자,남,26세,경상
2018060800100622,2018년 6월 8일 20시,금요일,울산광역시 중구 남외동,중상사고,0,1,0,1,차대사람 - 횡단중,안전운전불이행,포장 - 건조,맑음,기타 - 기타,자전거,남,26세,부상신고,보행자,여,53세,중상
2018060800100654,2018년 6월 8일 21시,금요일,울산광역시 울주군 온양읍,경상사고,0,0,1,0,차대사람 - 기타,안전운전불이행,포장 - 건조,맑음,교차로 - 교차로부근,기타불명,기타불명,미분류,기타불명,보행자,여,19세,경상
2018060900100020,2018년 6월 9일 00시,토요일,울산광역시 남구 야음동,경상사고,0,0,1,0,차대사람 - 길가장자리구역통행중,안전운전불이행,포장 - 건조,맑음,단일로 - 기타,승용,남,45세,상해없음,보행자,남,57세,경상
2018060900100340,2018년 6월 9일 14시,토요일,울산광역시 남구 달동,경상사고,0,0,1,0,차대사람 - 기타,보행자보호의무위반,포장 - 건조,맑음,교차로 - 교차로안,승용,남,59세,상해없음,보행자,여,31세,경상
2018060900100586,2018년 6월 9일 21시,토요일,울산광역시 울주군 범서읍,경상사고,0,0,1,0,차대사람 - 기타,보행자보호의무위반,포장 - 건조,맑음,교차로 - 교차로횡단보도내,승용,여,44세,상해없음,보행자,남,47세,경상
2018061000100024,2018년 6월 10일 00시,일요일,울산광역시 울주군 온양읍,경상사고,0,0,1,0,차대사람 - 차도통행중,안전운전불이행,포장 - 건조,맑음,단일로 - 기타,승용,남,22세,상해없음,보행자,여,48세,경상
2018061000100436,2018년 6월 10일 20시,일요일,울산광역시 울주군 청량읍,경상사고,0,0,1,0,차대사람 - 횡단중,보행자보호의무위반,포장 - 젖음/습기,흐림,교차로 - 교차로안,승용,남,61세,상해없음,보행자,여,53세,경상
2018061100100035,2018년 6월 11일 03시,월요일,울산광역시 남구 무거동,경상사고,0,0,1,0,차대사람 - 기타,안전운전불이행,포장 - 건조,맑음,교차로 - 교차로부근,승용,여,58세,상해없음,보행자,여,49세,경상
2018061100100189,2018년 6월 11일 10시,월요일,울산광역시 중구 태화동,경상사고,0,0,1,0,차대사람 - 횡단중,보행자보호의무위반,포장 - 건조,맑음,교차로 - 교차로횡단보도내,승용,여,63세,상해없음,보행자,여,43세,경상
2018061200100266,2018년 6월 12일 12시,화요일,울산광역시 중구 반구동,경상사고,0,0,1,0,차대사람 - 차도통행중,안전운전불이행,포장 - 건조,맑음,단일로 - 기타,승용,남,43세,상해없음,보행자,여,76세,경상
2018061200100398,2018년 6월 12일 16시,화요일,울산광역시 남구 무거동,경상사고,0,0,1,0,차대사람 - 기타,안전운전불이행,포장 - 건조,맑음,단일로 - 기타,승용,남,35세,상해없음,보행자,남,8세,경상
2018061200100646,2018년 6월 12일 22시,화요일,울산광역시 남구 신정동,중상사고,0,1,0,0,차대사람 - 길가장자리구역통행중,안전운전불이행,포장 - 건조,맑음,단일로 - 기타,승용,여,49세,상해없음,보행자,여,36세,중상
2018061300100019,2018년 6월 13일 00시,수요일,울산광역시 북구 정자동,경상사고,0,0,1,0,차대사람 - 기타,안전운전불이행,포장 - 건조,맑음,단일로 - 기타,기타불명,기타불명,미분류,기타불명,보행자,남,39세,경상
2018061300100389,2018년 6월 13일 16시,수요일,울산광역시 남구 무거동,경상사고,0,0,1,0,차대사람 - 기타,기타,포장 - 건조,맑음,단일로 - 기타,기타불명,남,79세,기타불명,보행자,여,15세,경상
2018061300100421,2018년 6월 13일 17시,수요일,울산광역시 중구 성남동,경상사고,0,0,1,0,차대사람 - 횡단중,보행자보호의무위반,포장 - 건조,맑음,단일로 - 기타,승용,여,43세,상해없음,보행자,여,19세,경상
2018061300100457,2018년 6월 13일 18시,수요일,울산광역시 남구 달동,중상사고,0,1,0,0,차대사람 - 횡단중,안전운전불이행,포장 - 건조,맑음,기타 - 기타,승용,남,28세,기타불명,보행자,여,62세,중상
2018061300100516,2018년 6월 13일 20시,수요일,울산광역시 북구 호계동,중상사고,0,1,0,0,차대사람 - 횡단중,보행자보호의무위반,포장 - 건조,맑음,교차로 - 교차로횡단보도내,승용,여,40세,상해없음,보행자,여,6세,중상
2018061300100539,2018년 6월 13일 21시,수요일,울산광역시 남구 무거동,중상사고,0,1,0,0,차대사람 - 횡단중,보행자보호의무위반,포장 - 건조,맑음,교차로 - 교차로안,승용,남,43세,상해없음,보행자,남,28세,중상
2018061400100221,2018년 6월 14일 11시,목요일,울산광역시 남구 신정동,경상사고,0,0,1,0,차대사람 - 차도통행중,안전운전불이행,포장 - 건조,맑음,단일로 - 기타,승용,여,46세,상해없음,보행자,남,67세,경상
2018061400100274,2018년 6월 14일 13시,목요일,울산광역시 동구 서부동,경상사고,0,0,1,0,차대사람 - 횡단중,신호위반,포장 - 건조,맑음,교차로 - 교차로횡단보도내,승용,여,38세,상해없음,보행자,남,73세,경상
2018061400100394,2018년 6월 14일 16시,목요일,울산광역시 남구 신정동,중상사고,0,1,0,0,차대사람 - 차도통행중,안전운전불이행,포장 - 건조,맑음,단일로 - 기타,승용,여,54세,상해없음,보행자,남,70세,중상
2018061400100572,2018년 6월 14일 20시,목요일,울산광역시 남구 달동,경상사고,0,0,1,0,차대사람 - 길가장자리구역통행중,안전운전불이행,포장 - 건조,맑음,단일로 - 기타,이륜,남,59세,상해없음,보행자,여,53세,경상
2018061500100307,2018년 6월 15일 14시,금요일,울산광역시 중구 반구동,경상사고,0,0,1,0,차대사람 - 횡단중,보행자보호의무위반,포장 - 건조,맑음,단일로 - 기타,승용,여,44세,상해없음,보행자,여,9세,경상
2018061500100621,2018년 6월 15일 21시,금요일,울산광역시 중구 서동,경상사고,0,0,1,0,차대사람 - 기타,안전운전불이행,포장 - 건조,맑음,단일로 - 기타,승용,남,28세,상해없음,보행자,남,28세,경상
2018061600100124,2018년 6월 16일 08시,토요일,울산광역시 북구 중산동,경상사고,0,0,1,0,차대사람 - 기타,안전운전불이행,포장 - 건조,맑음,단일로 - 기타,승용,남,64세,상해없음,보행자,남,58세,경상
2018061600100268,2018년 6월 16일 13시,토요일,울산광역시 중구 남외동,경상사고,0,0,1,0,차대사람 - 기타,안전운전불이행,포장 - 건조,맑음,교차로 - 교차로안,화물,남,35세,상해없음,보행자,여,59세,경상
2018061700100436,2018년 6월 17일 21시,일요일,울산광역시 남구 무거동,사망사고,1,0,0,0,차대사람 - 횡단중,안전운전불이행,포장 - 건조,맑음,단일로 - 기타,승용,여,62세,상해없음,보행자,남,82세,사망
2018061800100073,2018년 6월 18일 07시,월요일,울산광역시 울주군 온산읍,중상사고,0,1,0,0,차대사람 - 횡단중,안전운전불이행,포장 - 건조,맑음,단일로 - 기타,승용,남,28세,상해없음,보행자,남,8세,중상
2018061800100379,2018년 6월 18일 15시,월요일,울산광역시 울주군 온산읍,중상사고,0,1,0,0,차대사람 - 횡단중,안전운전불이행,포장 - 건조,맑음,단일로 - 지하차도(도로)내,승용,남,31세,상해없음,보행자,여,61세,중상
2018061800100612,2018년 6월 18일 20시,월요일,울산광역시 동구 화정동,중상사고,0,1,0,0,차대사람 - 기타,안전운전불이행,포장 - 건조,맑음,단일로 - 기타,이륜,남,22세,기타불명,보행자,남,49세,중상
2018061800100660,2018년 6월 18일 22시,월요일,울산광역시 북구 구유동,사망사고,1,0,0,0,차대사람 - 횡단중,보행자보호의무위반,포장 - 건조,맑음,단일로 - 기타,승용,남,43세,상해없음,보행자,여,85세,사망
2018061900100157,2018년 6월 19일 09시,화요일,울산광역시 남구 무거동,경상사고,0,0,1,0,차대사람 - 차도통행중,안전운전불이행,포장 - 건조,맑음,기타 - 기타,승용,여,53세,상해없음,보행자,남,21세,경상
2018061900100158,2018년 6월 19일 09시,화요일,울산광역시 울주군 범서읍,경상사고,0,0,1,0,차대사람 - 횡단중,보행자보호의무위반,포장 - 건조,맑음,교차로 - 교차로횡단보도내,승용,남,68세,상해없음,보행자,여,51세,경상
2018061900100588,2018년 6월 19일 23시,화요일,울산광역시 중구 반구동,경상사고,0,0,1,0,차대사람 - 차도통행중,안전운전불이행,포장 - 건조,맑음,교차로 - 교차로안,승합,남,52세,상해없음,보행자,남,57세,경상
2018061900100589,2018년 6월 19일 23시,화요일,울산광역시 중구 서동,중상사고,0,1,0,1,차대사람 - 횡단중,안전운전불이행,포장 - 젖음/습기,비,단일로 - 기타,이륜,남,25세,부상신고,보행자,여,49세,중상
2018062000100115,2018년 6월 20일 08시,수요일,울산광역시 울주군 서생면,경상사고,0,0,1,0,차대사람 - 길가장자리구역통행중,안전운전불이행,포장 - 건조,맑음,단일로 - 기타,화물,남,71세,상해없음,보행자,여,64세,경상
2018062100100390,2018년 6월 21일 16시,목요일,울산광역시 울주군 언양읍,중상사고,0,1,0,0,차대사람 - 횡단중,보행자보호의무위반,포장 - 건조,맑음,교차로 - 교차로안,승용,남,39세,상해없음,보행자,여,59세,중상
2018062200100223,2018년 6월 22일 10시,금요일,울산광역시 북구 창평동,경상사고,0,0,1,0,차대사람 - 차도통행중,안전운전불이행,포장 - 건조,맑음,교차로 - 교차로안,승용,여,40세,상해없음,보행자,여,82세,경상
2018062200100468,2018년 6월 22일 16시,금요일,울산광역시 남구 달동,경상사고,0,0,1,0,차대사람 - 차도통행중,안전운전불이행,포장 - 건조,맑음,단일로 - 기타,승용,남,24세,상해없음,보행자,남,17세,경상
2018062200100721,2018년 6월 22일 21시,금요일,울산광역시 울주군 청량읍,부상신고사고,0,0,0,1,차대사람 - 기타,안전운전불이행,포장 - 건조,맑음,단일로 - 기타,승용,남,50세,상해없음,보행자,남,65세,부상신고
2018062200100742,2018년 6월 22일 22시,금요일,울산광역시 동구 서부동,중상사고,0,1,0,0,차대사람 - 횡단중,안전운전불이행,포장 - 건조,맑음,교차로 - 교차로안,원동기,남,53세,상해없음,보행자,남,54세,중상
2018062300100451,2018년 6월 23일 17시,토요일,울산광역시 남구 무거동,중상사고,0,1,0,0,차대사람 - 횡단중,안전운전불이행,포장 - 건조,맑음,교차로 - 교차로안,승용,여,25세,상해없음,보행자,여,59세,중상
2018062300100585,2018년 6월 23일 22시,토요일,울산광역시 동구 전하동,중상사고,0,1,0,0,차대사람 - 보도통행중,기타,포장 - 기타,맑음,기타 - 기타,승용,남,41세,기타불명,보행자,여,62세,중상
2018062400100109,2018년 6월 24일 08시,일요일,울산광역시 중구 우정동,경상사고,0,0,1,0,차대사람 - 기타,안전운전불이행,포장 - 건조,맑음,교차로 - 교차로부근,기타불명,기타불명,미분류,기타불명,보행자,남,18세,경상
2018062500100559,2018년 6월 25일 18시,월요일,울산광역시 북구 화봉동,경상사고,0,0,1,0,차대사람 - 차도통행중,안전운전불이행,포장 - 건조,맑음,단일로 - 기타,승용,남,46세,상해없음,보행자,남,9세,경상
2018062600100416,2018년 6월 26일 16시,화요일,울산광역시 울주군 웅촌면,중상사고,0,1,0,0,차대사람 - 횡단중,안전운전불이행,포장 - 건조,맑음,단일로 - 기타,승용,남,46세,상해없음,보행자,남,11세,중상
2018062600100458,2018년 6월 26일 17시,화요일,울산광역시 중구 약사동,경상사고,0,0,1,0,차대사람 - 길가장자리구역통행중,안전운전불이행,포장 - 건조,맑음,교차로 - 교차로안,승용,여,44세,상해없음,보행자,여,68세,경상
2018062600100491,2018년 6월 26일 18시,화요일,울산광역시 남구 달동,부상신고사고,0,0,0,1,차대사람 - 횡단중,보행자보호의무위반,포장 - 건조,맑음,교차로 - 교차로안,기타불명,기타불명,미분류,기타불명,보행자,남,16세,부상신고
2018062600100630,2018년 6월 26일 22시,화요일,울산광역시 울주군 범서읍,경상사고,0,0,1,0,차대사람 - 길가장자리구역통행중,안전운전불이행,포장 - 건조,맑음,기타 - 기타,기타불명,기타불명,미분류,기타불명,보행자,남,69세,경상
2018062700100221,2018년 6월 27일 12시,수요일,울산광역시 남구 신정동,경상사고,0,0,1,0,차대사람 - 길가장자리구역통행중,안전운전불이행,포장 - 건조,맑음,단일로 - 기타,승용,남,73세,상해없음,보행자,여,76세,경상
2018062700100341,2018년 6월 27일 16시,수요일,울산광역시 북구 천곡동,중상사고,0,1,0,0,차대사람 - 횡단중,보행자보호의무위반,포장 - 건조,맑음,단일로 - 기타,승용,여,37세,상해없음,보행자,남,18세,중상
2018062700100432,2018년 6월 27일 18시,수요일,울산광역시 울주군 온양읍,사망사고,1,0,0,0,차대사람 - 횡단중,안전운전불이행,포장 - 건조,맑음,교차로 - 교차로안,승용,여,43세,상해없음,보행자,여,83세,사망
2018062900100398,2018년 6월 29일 16시,금요일,울산광역시 중구 우정동,경상사고,0,0,1,0,차대사람 - 횡단중,보행자보호의무위반,포장 - 건조,맑음,단일로 - 기타,이륜,남,75세,상해없음,보행자,여,63세,경상
2018062900100399,2018년 6월 29일 16시,금요일,울산광역시 남구 삼산동,경상사고,0,0,1,0,차대사람 - 길가장자리구역통행중,안전운전불이행,포장 - 건조,맑음,단일로 - 기타,승용,여,57세,상해없음,보행자,여,21세,경상
2018062900100400,2018년 6월 29일 16시,금요일,울산광역시 울주군 범서읍,경상사고,0,0,1,0,차대사람 - 횡단중,안전운전불이행,포장 - 건조,맑음,교차로 - 교차로안,승용,여,49세,상해없음,보행자,남,50세,경상
2018063000100019,2018년 6월 30일 00시,토요일,울산광역시 남구 달동,중상사고,0,1,0,0,차대사람 - 횡단중,안전운전불이행,포장 - 건조,맑음,단일로 - 기타,승용,남,69세,상해없음,보행자,남,58세,중상
2018063000100170,2018년 6월 30일 10시,토요일,울산광역시 동구 방어동,중상사고,0,1,0,0,차대사람 - 기타,안전운전불이행,포장 - 젖음/습기,비,기타 - 기타,승용,여,49세,상해없음,보행자,여,70세,중상
2018070200100461,2018년 7월 2일 18시,월요일,울산광역시 남구 야음동,경상사고,0,0,1,0,차대사람 - 기타,안전운전불이행,포장 - 건조,맑음,단일로 - 기타,승용,여,59세,상해없음,보행자,여,10세,경상
2018070300100538,2018년 7월 3일 21시,화요일,울산광역시 동구 서부동,경상사고,0,0,1,0,차대사람 - 보도통행중,안전운전불이행,포장 - 젖음/습기,비,교차로 - 교차로안,승용,남,48세,상해없음,보행자,남,38세,경상
2018070400100242,2018년 7월 4일 12시,수요일,울산광역시 울주군 온양읍,경상사고,0,0,1,0,차대사람 - 길가장자리구역통행중,안전운전불이행,포장 - 건조,맑음,단일로 - 기타,승용,여,43세,상해없음,보행자,여,36세,경상
2018070400100266,2018년 7월 4일 13시,수요일,울산광역시 북구 송정동,부상신고사고,0,0,0,1,차대사람 - 기타,안전운전불이행,포장 - 건조,맑음,단일로 - 기타,자전거,남,49세,상해없음,보행자,남,56세,부상신고