사고번호,사고일시,요일,시군구,사고내용,사망자수,중상자수,경상자수,부상신고자수,사고유형,법규위반,노면상태,기상상태,도로형태,가해운전자 차종,가해운전자 성별,가해운전자 연령,가해운전자 상해정도,피해운전자 차종,피해운전자 성별,피해운전자 연령,피해운전자 상해정도
2020111300100238,2020년 11월 13일 11시,금요일,울산광역시 남구 삼산동,경상사고,0,0,1,0,차대사람 - 횡단중,안전운전불이행,포장 - 건조,맑음,교차로 - 교차로안,화물,남,48세,상해없음,보행자,여,24세,경상
2020111300100520,2020년 11월 13일 18시,금요일,울산광역시 동구 동부동,경상사고,0,0,1,0,차대사람 - 기타,안전운전불이행,포장 - 건조,맑음,단일로 - 기타,승용,여,25세,상해없음,보행자,남,50세,경상
2020111400100359,2020년 11월 14일 14시,토요일,울산광역시 울주군 서생면,부상신고사고,0,0,0,1,차대사람 - 기타,안전운전불이행,포장 - 건조,맑음,기타 - 기타,기타불명,기타불명,미분류,기타불명,보행자,남,42세,부상신고
2020111400100533,2020년 11월 14일 18시,토요일,울산광역시 남구 옥동,경상사고,0,0,1,0,차대사람 - 횡단중,보행자보호의무위반,포장 - 건조,맑음,교차로 - 교차로안,기타불명,기타불명,미분류,기타불명,보행자,남,16세,경상
2020111400100644,2020년 11월 14일 23시,토요일,울산광역시 남구 달동,경상사고,0,0,1,0,차대사람 - 기타,안전운전불이행,포장 - 건조,맑음,단일로 - 기타,승용,남,21세,상해없음,보행자,남,28세,경상
2020111500100125,2020년 11월 15일 11시,일요일,울산광역시 중구 남외동,중상사고,0,1,0,0,차대사람 - 기타,안전운전불이행,포장 - 건조,맑음,단일로 - 기타,승용,남,58세,상해없음,보행자,여,10세,중상
2020111500100314,2020년 11월 15일 17시,일요일,울산광역시 남구 야음동,경상사고,0,0,1,0,차대사람 - 기타,안전운전불이행,포장 - 건조,맑음,단일로 - 기타,기타불명,기타불명,미분류,기타불명,보행자,여,14세,경상
2020111500100408,2020년 11월 15일 19시,일요일,울산광역시 남구 달동,중상사고,0,1,0,0,차대사람 - 횡단중,안전운전불이행,포장 - 건조,맑음,교차로 - 교차로횡단보도내,승용,남,27세,상해없음,보행자,여,49세,중상
2020111600100352,2020년 11월 16일 14시,월요일,울산광역시 남구 신정동,경상사고,0,0,1,0,차대사람 - 차도통행중,안전운전불이행,포장 - 건조,맑음,교차로 - 교차로안,승용,남,61세,상해없음,보행자,여,45세,경상
2020111600100546,2020년 11월 16일 18시,월요일,울산광역시 동구 전하동,경상사고,0,0,2,0,차대사람 - 기타,기타,포장 - 건조,맑음,교차로 - 교차로안,승용,여,35세,상해없음,보행자,남,60세,경상
2020111700100246,2020년 11월 17일 12시,화요일,울산광역시 남구 달동,부상신고사고,0,0,0,1,차대사람 - 기타,안전운전불이행,포장 - 건조,맑음,단일로 - 기타,화물,남,32세,상해없음,보행자,남,59세,부상신고
2020111700100438,2020년 11월 17일 17시,화요일,울산광역시 남구 달동,경상사고,0,0,1,0,차대사람 - 기타,안전운전불이행,포장 - 건조,맑음,교차로 - 교차로부근,승용,여,26세,상해없음,보행자,남,23세,경상
2020111700100516,2020년 11월 17일 18시,화요일,울산광역시 중구 남외동,경상사고,0,0,1,0,차대사람 - 횡단중,안전운전불이행,포장 - 건조,맑음,교차로 - 교차로안,승용,여,50세,상해없음,보행자,여,64세,경상
2020111800100069,2020년 11월 18일 06시,수요일,울산광역시 북구 중산동,중상사고,0,1,0,0,차대사람 - 횡단중,보행자보호의무위반,포장 - 건조,흐림,교차로 - 교차로횡단보도내,승용,남,43세,상해없음,보행자,남,35세,중상
2020111800100183,2020년 11월 18일 09시,수요일,울산광역시 남구 삼산동,중상사고,0,1,0,0,차대사람 - 기타,안전운전불이행,포장 - 건조,맑음,단일로 - 기타,화물,남,66세,상해없음,보행자,남,71세,중상
2020111800100184,2020년 11월 18일 09시,수요일,울산광역시 남구 무거동,중상사고,0,1,0,0,차대사람 - 횡단중,보행자보호의무위반,포장 - 건조,맑음,교차로 - 교차로횡단보도내,승용,여,34세,상해없음,보행자,여,75세,중상
2020111800100627,2020년 11월 18일 20시,수요일,울산광역시 북구 천곡동,중상사고,0,1,0,0,차대사람 - 횡단중,안전운전불이행,포장 - 젖음/습기,비,교차로 - 교차로부근,승용,여,45세,상해없음,보행자,남,56세,중상
2020111900100016,2020년 11월 19일 00시,목요일,울산광역시 남구 야음동,경상사고,0,0,1,0,차대사람 - 기타,안전운전불이행,포장 - 젖음/습기,비,단일로 - 기타,승용,여,35세,상해없음,보행자,남,27세,경상
2020111900100045,2020년 11월 19일 03시,목요일,울산광역시 남구 야음동,경상사고,0,0,1,0,차대사람 - 기타,안전운전불이행,포장 - 건조,맑음,교차로 - 교차로부근,기타불명,기타불명,미분류,기타불명,보행자,남,28세,경상
2020111900100134,2020년 11월 19일 07시,목요일,울산광역시 동구 서부동,경상사고,0,0,1,0,차대사람 - 횡단중,보행자보호의무위반,포장 - 젖음/습기,비,교차로 - 교차로횡단보도내,승용,여,55세,상해없음,보행자,여,26세,경상
2020111900100267,2020년 11월 19일 10시,목요일,울산광역시 남구 야음동,경상사고,0,0,1,0,차대사람 - 기타,안전운전불이행,포장 - 젖음/습기,비,교차로 - 교차로부근,승용,여,45세,기타불명,보행자,여,22세,경상
2020111900100430,2020년 11월 19일 15시,목요일,울산광역시 남구 달동,경상사고,0,0,1,0,차대사람 - 횡단중,보행자보호의무위반,포장 - 젖음/습기,비,교차로 - 교차로횡단보도내,승용,남,34세,상해없음,보행자,여,51세,경상
2020111900100510,2020년 11월 19일 17시,목요일,울산광역시 남구 무거동,중상사고,0,1,0,0,차대사람 - 횡단중,보행자보호의무위반,포장 - 젖음/습기,비,교차로 - 교차로횡단보도내,화물,남,56세,상해없음,보행자,남,75세,중상
2020111900100511,2020년 11월 19일 17시,목요일,울산광역시 동구 전하동,경상사고,0,0,1,0,차대사람 - 횡단중,신호위반,포장 - 젖음/습기,비,교차로 - 교차로안,원동기,남,63세,상해없음,보행자,여,43세,경상
2020111900100567,2020년 11월 19일 18시,목요일,울산광역시 동구 일산동,경상사고,0,0,1,0,차대사람 - 차도통행중,안전운전불이행,포장 - 건조,맑음,교차로 - 교차로부근,승용,남,65세,상해없음,보행자,남,54세,경상
2020111900100698,2020년 11월 19일 23시,목요일,울산광역시 북구 호계동,중상사고,0,1,0,0,차대사람 - 횡단중,안전운전불이행,포장 - 건조,맑음,교차로 - 교차로부근,승용,남,56세,상해없음,보행자,여,55세,중상
2020112000100079,2020년 11월 20일 06시,금요일,울산광역시 남구 달동,경상사고,0,0,1,0,차대사람 - 차도통행중,교차로운행방법위반,포장 - 건조,맑음,교차로 - 교차로부근,승용,남,59세,상해없음,보행자,여,60세,경상
2020112000100179,2020년 11월 20일 10시,금요일,울산광역시 울주군 범서읍,중상사고,0,1,0,0,차대사람 - 횡단중,안전운전불이행,포장 - 건조,맑음,교차로 - 교차로부근,승용,남,58세,상해없음,보행자,여,41세,중상
2020112000100221,2020년 11월 20일 11시,금요일,울산광역시 동구 전하동,부상신고사고,0,0,0,1,차대사람 - 기타,안전운전불이행,포장 - 건조,맑음,단일로 - 기타,자전거,남,71세,상해없음,보행자,여,42세,부상신고
2020112000100555,2020년 11월 20일 18시,금요일,울산광역시 울주군 범서읍,부상신고사고,0,0,0,2,차대사람 - 횡단중,안전운전불이행,포장 - 건조,맑음,단일로 - 기타,화물,남,37세,부상신고,보행자,여,2세,부상신고
2020112100100036,2020년 11월 21일 01시,토요일,울산광역시 중구 반구동,부상신고사고,0,0,0,1,차대사람 - 차도통행중,안전운전불이행,포장 - 건조,맑음,단일로 - 기타,이륜,남,32세,부상신고,보행자,남,67세,상해없음
2020112100100055,2020년 11월 21일 03시,토요일,울산광역시 울주군 삼남면,중상사고,0,1,0,0,차대사람 - 차도통행중,안전운전불이행,포장 - 건조,맑음,단일로 - 지하차도(도로)내,승용,남,49세,상해없음,보행자,남,59세,중상
2020112200100163,2020년 11월 22일 12시,일요일,울산광역시 남구 신정동,경상사고,0,0,1,0,차대사람 - 횡단중,교차로운행방법위반,포장 - 건조,기타,교차로 - 교차로안,승용,여,41세,상해없음,보행자,여,89세,경상
2020112300100265,2020년 11월 23일 12시,월요일,울산광역시 북구 중산동,중상사고,0,1,0,0,차대사람 - 횡단중,안전운전불이행,포장 - 건조,맑음,교차로 - 교차로안,화물,여,46세,상해없음,보행자,여,24세,중상
2020112400100110,2020년 11월 24일 08시,화요일,울산광역시 동구 방어동,중상사고,0,1,0,0,차대사람 - 횡단중,안전운전불이행,포장 - 건조,맑음,단일로 - 기타,기타불명,기타불명,미분류,기타불명,보행자,여,13세,중상
2020112400100347,2020년 11월 24일 15시,화요일,울산광역시 남구 옥동,경상사고,0,0,1,0,차대사람 - 기타,안전운전불이행,포장 - 건조,맑음,교차로 - 교차로부근,승용,여,49세,상해없음,보행자,남,9세,경상
2020112400100505,2020년 11월 24일 18시,화요일,울산광역시 북구 신천동,경상사고,0,0,1,0,차대사람 - 기타,안전운전불이행,포장 - 건조,맑음,단일로 - 기타,승용,남,64세,상해없음,보행자,여,16세,경상
2020112500100351,2020년 11월 25일 15시,수요일,울산광역시 동구 전하동,경상사고,0,0,1,0,차대사람 - 차도통행중,안전운전불이행,포장 - 건조,맑음,단일로 - 기타,승용,여,72세,상해없음,보행자,여,44세,경상
2020112500100395,2020년 11월 25일 16시,수요일,울산광역시 남구 삼산동,중상사고,0,1,0,0,차대사람 - 횡단중,안전운전불이행,포장 - 건조,맑음,단일로 - 기타,승용,여,35세,상해없음,보행자,여,62세,중상
2020112500100396,2020년 11월 25일 16시,수요일,울산광역시 울주군 언양읍,중상사고,0,1,0,0,차대사람 - 횡단중,안전운전불이행,포장 - 건조,맑음,교차로 - 교차로부근,화물,남,69세,상해없음,보행자,여,67세,중상
2020112500100506,2020년 11월 25일 18시,수요일,울산광역시 북구 중산동,중상사고,0,1,0,0,차대사람 - 횡단중,보행자보호의무위반,포장 - 건조,맑음,단일로 - 기타,승용,남,29세,상해없음,보행자,여,14세,중상
2020112600100408,2020년 11월 26일 17시,목요일,울산광역시 울주군 서생면,중상사고,0,1,0,0,차대사람 - 차도통행중,안전운전불이행,포장 - 건조,맑음,단일로 - 기타,승용,남,43세,상해없음,보행자,여,65세,중상
2020112800100100,2020년 11월 28일 09시,토요일,울산광역시 동구 방어동,중상사고,0,1,0,0,차대사람 - 보도통행중,안전운전불이행,포장 - 기타,맑음,기타 - 기타,승용,여,60세,상해없음,보행자,여,78세,중상
2020112800100338,2020년 11월 28일 15시,토요일,울산광역시 북구 호계동,중상사고,0,1,0,0,차대사람 - 횡단중,안전운전불이행,포장 - 건조,맑음,단일로 - 기타,화물,남,45세,상해없음,보행자,여,13세,중상
2020112900100334,2020년 11월 29일 19시,일요일,울산광역시 동구 방어동,경상사고,0,0,1,0,차대사람 - 횡단중,안전운전불이행,포장 - 건조,맑음,교차로 - 교차로부근,원동기,남,40세,상해없음,보행자,남,57세,경상
2020113000100252,2020년 11월 30일 12시,월요일,울산광역시 중구 태화동,경상사고,0,0,1,0,차대사람 - 차도통행중,안전운전불이행,포장 - 건조,맑음,단일로 - 기타,승용,여,63세,상해없음,보행자,남,65세,경상
2020113000100287,2020년 11월 30일 13시,월요일,울산광역시 동구 서부동,경상사고,0,0,1,0,차대사람 - 보도통행중,안전운전불이행,포장 - 건조,맑음,주차장 - 주차장,승용,여,40세,상해없음,보행자,여,78세,경상
2020113000100326,2020년 11월 30일 14시,월요일,울산광역시 남구 무거동,중상사고,0,1,0,0,차대사람 - 횡단중,보행자보호의무위반,포장 - 건조,맑음,교차로 - 교차로안,승용,여,41세,상해없음,보행자,여,61세,중상
2020120100100119,2020년 12월 1일 08시,화요일,울산광역시 남구 신정동,중상사고,0,1,0,0,차대사람 - 횡단중,신호위반,포장 - 건조,맑음,교차로 - 교차로횡단보도내,화물,남,29세,상해없음,보행자,남,56세,중상
2020120100100305,2020년 12월 1일 13시,화요일,울산광역시 북구 매곡동,경상사고,0,0,1,0,차대사람 - 기타,안전운전불이행,포장 - 건조,맑음,단일로 - 기타,승용,남,64세,상해없음,보행자,남,8세,경상
2020120200100058,2020년 12월 2일 07시,수요일,울산광역시 남구 여천동,경상사고,0,0,1,0,차대사람 - 기타,안전운전불이행,포장 - 건조,맑음,단일로 - 기타,승용,남,52세,상해없음,보행자,남,51세,경상
2020120200100382,2020년 12월 2일 17시,수요일,울산광역시 동구 방어동,중상사고,0,1,0,0,차대사람 - 횡단중,안전운전불이행,포장 - 건조,맑음,교차로 - 교차로안,이륜,남,57세,상해없음,보행자,여,48세,중상
2020120300100315,2020년 12월 3일 15시,목요일,울산광역시 동구 일산동,경상사고,0,0,1,0,차대사람 - 횡단중,안전운전불이행,포장 - 건조,맑음,단일로 - 기타,승합,남,49세,상해없음,보행자,남,7세,경상
2020120300100397,2020년 12월 3일 17시,목요일,울산광역시 동구 화정동,중상사고,0,1,1,0,차대사람 - 횡단중,신호위반,포장 - 건조,맑음,교차로 - 교차로안,이륜,남,34세,중상,보행자,여,32세,경상
2020120300100534,2020년 12월 3일 21시,목요일,울산광역시 남구 옥동,경상사고,0,0,1,0,차대사람 - 횡단중,중앙선침범,포장 - 건조,맑음,교차로 - 교차로부근,승용,여,44세,상해없음,보행자,여,24세,경상
2020120400100595,2020년 12월 4일 20시,금요일,울산광역시 남구 옥동,중상사고,0,1,0,0,차대사람 - 횡단중,보행자보호의무위반,포장 - 건조,맑음,교차로 - 교차로안,승용,여,46세,상해없음,보행자,남,46세,중상
2020120400100672,2020년 12월 4일 23시,금요일,울산광역시 북구 화봉동,경상사고,0,0,1,0,차대사람 - 기타,안전운전불이행,포장 - 건조,맑음,단일로 - 기타,화물,남,31세,기타불명,보행자,남,39세,경상
2020120500100127,2020년 12월 5일 10시,토요일,울산광역시 남구 신정동,중상사고,0,1,0,0,차대사람 - 횡단중,보행자보호의무위반,포장 - 건조,맑음,교차로 - 교차로횡단보도내,승용,남,46세,상해없음,보행자,여,68세,중상
2020120500100204,2020년 12월 5일 12시,토요일,울산광역시 남구 삼산동,경상사고,0,0,1,0,차대사람 - 기타,안전운전불이행,포장 - 건조,맑음,단일로 - 기타,승용,여,38세,상해없음,보행자,남,40세,경상
2020120500100205,2020년 12월 5일 12시,토요일,울산광역시 울주군 언양읍,부상신고사고,0,0,0,1,차대사람 - 차도통행중,안전운전불이행,포장 - 건조,맑음,단일로 - 지하차도(도로)내,승용,남,23세,상해없음,보행자,남,52세,부상신고
2020120500100545,2020년 12월 5일 22시,토요일,울산광역시 동구 화정동,중상사고,0,1,0,0,차대사람 - 길가장자리구역통행중,안전운전불이행,포장 - 건조,맑음,교차로 - 교차로안,승용,남,40세,상해없음,보행자,남,8세,중상
2020120600100034,2020년 12월 6일 02시,일요일,울산광역시 남구 삼산동,경상사고,0,0,1,0,차대사람 - 기타,교차로운행방법위반,포장 - 건조,맑음,교차로 - 교차로부근,승용,남,66세,상해없음,보행자,여,23세,경상
2020120600100045,2020년 12월 6일 05시,일요일,울산광역시 남구 달동,부상신고사고,0,0,0,1,차대사람 - 차도통행중,안전운전불이행,포장 - 건조,맑음,단일로 - 기타,승용,남,65세,상해없음,보행자,남,19세,부상신고
2020120600100065,2020년 12월 6일 07시,일요일,울산광역시 울주군 온산읍,경상사고,0,0,1,0,차대사람 - 기타,기타,포장 - 건조,기타,기타 - 기타,승용,남,54세,상해없음,보행자,남,20세,경상
2020120600100264,2020년 12월 6일 16시,일요일,울산광역시 울주군 범서읍,중상사고,0,1,0,0,차대사람 - 기타,안전운전불이행,포장 - 건조,맑음,단일로 - 기타,자전거,남,11세,상해없음,보행자,여,47세,중상
2020120700100099,2020년 12월 7일 08시,월요일,울산광역시 동구 전하동,경상사고,0,0,1,0,차대사람 - 길가장자리구역통행중,안전운전불이행,포장 - 건조,맑음,단일로 - 기타,기타불명,기타불명,미분류,기타불명,보행자,남,17세,경상
2020120700100236,2020년 12월 7일 13시,월요일,울산광역시 남구 달동,부상신고사고,0,0,0,1,차대사람 - 기타,안전운전불이행,포장 - 건조,맑음,단일로 - 지하차도(도로)내,이륜,남,38세,상해없음,보행자,남,25세,부상신고
2020120700100451,2020년 12월 7일 19시,월요일,울산광역시 동구 일산동,부상신고사고,0,0,0,1,차대사람 - 길가장자리구역통행중,안전운전불이행,포장 - 건조,맑음,기타 - 기타,기타불명,기타불명,미분류,기타불명,보행자,여,26세,부상신고
2020120800100315,2020년 12월 8일 14시,화요일,울산광역시 중구 학성동,경상사고,0,0,1,0,차대사람 - 횡단중,보행자보호의무위반,포장 - 건조,맑음,교차로 - 교차로안,승용,여,55세,상해없음,보행자,여,74세,경상
2020120800100389,2020년 12월 8일 16시,화요일,울산광역시 동구 서부동,경상사고,0,0,1,0,차대사람 - 횡단중,안전운전불이행,포장 - 건조,맑음,주차장 - 주차장,기타불명,기타불명,미분류,기타불명,보행자,남,12세,경상
2020120900100460,2020년 12월 9일 18시,수요일,울산광역시 남구 신정동,경상사고,0,0,1,0,차대사람 - 기타,안전운전불이행,포장 - 건조,맑음,단일로 - 기타,기타불명,기타불명,미분류,기타불명,보행자,여,74세,경상
2020121000100033,2020년 12월 10일 06시,목요일,울산광역시 동구 일산동,중상사고,0,1,0,0,차대사람 - 횡단중,안전운전불이행,포장 - 건조,맑음,단일로 - 기타,이륜,남,37세,상해없음,보행자,여,60세,중상
2020121100100217,2020년 12월 11일 13시,금요일,울산광역시 울주군 웅촌면,경상사고,0,0,1,0,차대사람 - 횡단중,안전운전불이행,포장 - 건조,맑음,교차로 - 교차로부근,승용,여,56세,상해없음,보행자,여,21세,경상
2020121100100300,2020년 12월 11일 15시,금요일,울산광역시 중구 태화동,경상사고,0,0,1,0,차대사람 - 기타,안전운전불이행,포장 - 건조,맑음,단일로 - 기타,승용,남,73세,상해없음,보행자,남,51세,경상
2020121300100112,2020년 12월 13일 11시,일요일,울산광역시 동구 방어동,경상사고,0,0,1,0,차대사람 - 차도통행중,안전운전불이행,포장 - 건조,맑음,교차로 - 교차로안,승용,남,76세,상해없음,보행자,여,62세,경상
2020121300100213,2020년 12월 13일 15시,일요일,울산광역시 동구 전하동,경상사고,0,0,1,0,차대사람 - 기타,안전운전불이행,포장 - 건조,맑음,교차로 - 교차로부근,승합,남,52세,상해없음,보행자,남,71세,경상
2020121400100125,2020년 12월 14일 09시,월요일,울산광역시 남구 신정동,경상사고,0,0,1,0,차대사람 - 길가장자리구역통행중,신호위반,포장 - 건조,맑음,교차로 - 교차로부근,승용,여,55세,상해없음,보행자,여,23세,경상
2020121400100382,2020년 12월 14일 17시,월요일,울산광역시 동구 전하동,경상사고,0,0,1,0,차대사람 - 기타,안전운전불이행,포장 - 건조,맑음,단일로 - 기타,이륜,남,58세,상해없음,보행자,여,34세,경상
2020121400100383,2020년 12월 14일 17시,월요일,울산광역시 동구 전하동,경상사고,0,0,2,0,차대사람 - 횡단중,안전운전불이행,포장 - 건조,맑음,교차로 - 교차로부근,승합,여,56세,상해없음,보행자,여,14세,경상
2020121400100478,2020년 12월 14일 19시,월요일,울산광역시 북구 신천동,중상사고,0,1,0,0,차대사람 - 횡단중,신호위반,포장 - 건조,맑음,교차로 - 교차로안,이륜,남,37세,상해없음,보행자,여,44세,중상
2020121500100022,2020년 12월 15일 05시,화요일,울산광역시 중구 우정동,중상사고,0,1,0,0,차대사람 - 횡단중,안전운전불이행,포장 - 건조,맑음,단일로 - 기타,승용,남,41세,상해없음,보행자,여,58세,중상
2020121500100187,2020년 12월 15일 12시,화요일,울산광역시 중구 성안동,중상사고,0,1,0,0,차대사람 - 기타,안전운전불이행,포장 - 건조,맑음,교차로 - 교차로부근,승용,남,46세,상해없음,보행자,여,50세,중상
2020121500100469,2020년 12월 15일 19시,화요일,울산광역시 중구 성안동,경상사고,0,0,1,0,차대사람 - 길가장자리구역통행중,안전운전불이행,포장 - 건조,맑음,단일로 - 기타,승용,남,49세,상해없음,보행자,남,46세,경상
2020121600100360,2020년 12월 16일 17시,수요일,울산광역시 울주군 온양읍,경상사고,0,0,1,0,차대사람 - 횡단중,보행자보호의무위반,포장 - 건조,맑음,교차로 - 교차로횡단보도내,화물,남,57세,상해없음,보행자,남,9세,경상
2020121900100574,2020년 12월 19일 22시,토요일,울산광역시 울주군 온양읍,중상사고,0,1,0,0,차대사람 - 횡단중,신호위반,포장 - 건조,맑음,교차로 - 교차로부근,승용,여,54세,상해없음,보행자,남,31세,중상
2020122000100100,2020년 12월 20일 12시,일요일,울산광역시 울주군 온산읍,중상사고,0,1,0,0,차대사람 - 횡단중,안전운전불이행,포장 - 건조,맑음,단일로 - 지하차도(도로)내,이륜,남,36세,상해없음,보행자,여,59세,중상
2020122100100141,2020년 12월 21일 09시,월요일,울산광역시 남구 야음동,경상사고,0,0,1,0,차대사람 - 기타,안전운전불이행,포장 - 건조,맑음,교차로 - 교차로부근,승용,여,51세,상해없음,보행자,남,15세,경상
2020122100100433,2020년 12월 21일 17시,월요일,울산광역시 중구 교동,경상사고,0,0,1,0,차대사람 - 길가장자리구역통행중,안전운전불이행,포장 - 건조,맑음,단일로 - 기타,승용,남,35세,상해없음,보행자,남,18세,경상
2020122100100498,2020년 12월 21일 18시,월요일,울산광역시 북구 산하동,경상사고,0,0,1,0,차대사람 - 횡단중,보행자보호의무위반,포장 - 건조,맑음,교차로 - 교차로횡단보도내,승용,여,40세,상해없음,보행자,남,41세,경상
2020122100100547,2020년 12월 21일 19시,월요일,울산광역시 남구 신정동,중상사고,0,1,0,0,차대사람 - 기타,안전운전불이행,포장 - 건조,맑음,단일로 - 기타,이륜,남,58세,상해없음,보행자,여,64세,중상
2020122200100187,2020년 12월 22일 11시,화요일,울산광역시 남구 삼산동,경상사고,0,0,1,0,차대사람 - 보도통행중,안전운전불이행,포장 - 건조,맑음,기타 - 기타,승용,여,57세,상해없음,보행자,남,28세,경상
2020122200100271,2020년 12월 22일 14시,화요일,울산광역시 울주군 언양읍,경상사고,0,0,1,0,차대사람 - 기타,안전운전불이행,포장 - 건조,맑음,단일로 - 기타,자전거,남,17세,상해없음,보행자,여,62세,경상
2020122200100344,2020년 12월 22일 16시,화요일,울산광역시 남구 달동,경상사고,0,0,1,0,차대사람 - 길가장자리구역통행중,안전운전불이행,포장 - 건조,맑음,단일로 - 기타,승용,여,41세,상해없음,보행자,남,32세,경상
2020122200100435,2020년 12월 22일 18시,화요일,울산광역시 동구 동부동,중상사고,0,1,0,0,차대사람 - 횡단중,보행자보호의무위반,포장 - 건조,맑음,교차로 - 교차로횡단보도내,이륜,남,43세,상해없음,보행자,남,40세,중상
2020122300100312,2020년 12월 23일 15시,수요일,울산광역시 울주군 언양읍,경상사고,0,0,1,0,차대사람 - 기타,안전운전불이행,포장 - 건조,맑음,단일로 - 기타,승용,여,56세,상해없음,보행자,여,49세,경상
2020122300100397,2020년 12월 23일 17시,수요일,울산광역시 북구 연암동,경상사고,0,0,1,0,차대사람 - 기타,안전운전불이행,포장 - 건조,맑음,교차로 - 교차로안,화물,남,61세,상해없음,보행자,남,73세,경상
2020122400100043,2020년 12월 24일 06시,목요일,울산광역시 남구 삼산동,중상사고,0,1,0,0,차대사람 - 횡단중,안전운전불이행,포장 - 건조,맑음,교차로 - 교차로횡단보도내,승용,남,46세,상해없음,보행자,여,75세,중상
2020122400100066,2020년 12월 24일 07시,목요일,울산광역시 울주군 웅촌면,중상사고,0,1,0,0,차대사람 - 길가장자리구역통행중,안전운전불이행,포장 - 건조,맑음,교차로 - 교차로부근,화물,남,46세,상해없음,보행자,남,83세,중상
2020122400100629,2020년 12월 24일 21시,목요일,울산광역시 남구 야음동,경상사고,0,0,1,0,차대사람 - 기타,기타,포장 - 건조,맑음,단일로 - 지하차도(도로)내,승용,여,38세,상해없음,보행자,여,64세,경상
2020122400100663,2020년 12월 24일 23시,목요일,울산광역시 울주군 온양읍,중상사고,0,1,0,0,차대사람 - 차도통행중,안전운전불이행,포장 - 건조,맑음,단일로 - 지하차도(도로)내,승용,남,22세,상해없음,보행자,남,52세,중상
2020122500100056,2020년 12월 25일 08시,금요일,울산광역시 울주군 언양읍,중상사고,0,1,0,0,차대사람 - 차도통행중,안전운전불이행,포장 - 건조,맑음,교차로 - 교차로안,화물,남,47세,상해없음,보행자,여,86세,중상
2020122500100165,2020년 12월 25일 14시,금요일,울산광역시 남구 신정동,중상사고,0,1,0,0,차대사람 - 기타,안전운전불이행,포장 - 건조,맑음,단일로 - 기타,승용,여,46세,상해없음,보행자,여,49세,중상
2020122500100278,2020년 12월 25일 18시,금요일,울산광역시 중구 옥교동,경상사고,0,0,1,0,차대사람 - 횡단중,안전운전불이행,포장 - 건조,맑음,교차로 - 교차로부근,승용,여,34세,상해없음,보행자,여,58세,경상
2020122500100279,2020년 12월 25일 18시,금요일,울산광역시 울주군 온양읍,중상사고,0,1,0,0,차대사람 - 횡단중,안전운전불이행,포장 - 건조,맑음,교차로 - 교차로횡단보도내,승용,여,55세,상해없음,보행자,남,69세,중상
2020122500100383,2020년 12월 25일 22시,금요일,울산광역시 중구 복산동,중상사고,0,1,0,0,차대사람 - 기타,안전운전불이행,포장 - 건조,맑음,교차로 - 교차로안,승용,남,45세,상해없음,보행자,남,47세,중상
2020122600100277,2020년 12월 26일 17시,토요일,울산광역시 남구 야음동,중상사고,0,1,0,0,차대사람 - 횡단중,안전운전불이행,포장 - 건조,맑음,단일로 - 기타,승용,남,73세,상해없음,보행자,여,67세,중상
2020122900100289,2020년 12월 29일 17시,화요일,울산광역시 중구 성남동,중상사고,0,1,0,0,차대사람 - 횡단중,보행자보호의무위반,포장 - 건조,맑음,교차로 - 교차로안,승용,여,56세,상해없음,보행자,여,69세,중상
2020122900100385,2020년 12월 29일 19시,화요일,울산광역시 남구 신정동,중상사고,0,1,0,0,차대사람 - 횡단중,안전운전불이행,포장 - 젖음/습기,비,단일로 - 기타,승용,남,63세,상해없음,보행자,여,73세,중상
2020122900100386,2020년 12월 29일 19시,화요일,울산광역시 남구 삼산동,중상사고,0,1,0,0,차대사람 - 횡단중,보행자보호의무위반,포장 - 젖음/습기,비,기타 - 기타,승용,남,27세,상해없음,보행자,여,44세,중상
2020122900100461,2020년 12월 29일 21시,화요일,울산광역시 북구 진장동,중상사고,0,1,1,0,차대사람 - 횡단중,안전운전불이행,포장 - 건조,맑음,교차로 - 교차로부근,화물,여,50세,기타불명,보행자,남,47세,중상
2020123000100201,2020년 12월 30일 12시,수요일,울산광역시 동구 방어동,중상사고,0,1,0,0,차대사람 - 보도통행중,안전운전불이행,포장 - 건조,맑음,교차로 - 교차로안,승용,남,26세,상해없음,보행자,여,64세,중상
2020123000100451,2020년 12월 30일 19시,수요일,울산광역시 중구 우정동,중상사고,0,2,0,1,차대사람 - 횡단중,과속,포장 - 건조,맑음,단일로 - 기타,이륜,남,29세,부상신고,보행자,남,66세,중상
2020123100100177,2020년 12월 31일 12시,목요일,울산광역시 중구 남외동,경상사고,0,0,1,0,차대사람 - 횡단중,안전운전불이행,포장 - 건조,맑음,교차로 - 교차로안,승용,남,70세,상해없음,보행자,여,67세,경상
2020123100100373,2020년 12월 31일 17시,목요일,울산광역시 울주군 웅촌면,중상사고,0,1,0,0,차대사람 - 기타,안전운전불이행,포장 - 건조,맑음,단일로 - 기타,승용,여,57세,상해없음,보행자,여,83세,중상
2020123100100489,2020년 12월 31일 19시,목요일,울산광역시 울주군 언양읍,경상사고,0,0,1,0,차대사람 - 기타,안전운전불이행,포장 - 건조,맑음,단일로 - 기타,승용,남,43세,상해없음,보행자,여,79세,경상